Product Name,Printing,Condition,Rarity,Number,Market Price,source,scrape_date
Abra ,"Printing:
Reverse Holofoil","Condition:
Near Mint",Common,063/165,$0.14,sv-scarlet-and-violet-151,2024-10-29
Aerodactyl ,"Printing:
Reverse Holofoil","Condition:
Near Mint",Rare,142/165,$0.49,sv-scarlet-and-violet-151,2024-10-29
Alakazam ex - 065/165 ,Holofoil,"Condition:
Near Mint",Double Rare,065/165,$1.19,sv-scarlet-and-violet-151,2024-10-29
Alakazam ex - 188/165 ,Holofoil,"Condition:
Near Mint",Ultra Rare,188/165,$10.58,sv-scarlet-and-violet-151,2024-10-29
Alakazam ex - 201/165 ,Holofoil,"Condition:
Near Mint",Special Illustration Rare,201/165,$37.47,sv-scarlet-and-violet-151,2024-10-29
Antique Dome Fossil ,"Printing:
Reverse Holofoil","Condition:
Near Mint",Common,152/165,$0.68,sv-scarlet-and-violet-151,2024-10-29
Antique Helix Fossil ,"Printing:
Reverse Holofoil","Condition:
Near Mint",Common,153/165,$0.71,sv-scarlet-and-violet-151,2024-10-29
Antique Old Amber ,"Printing:
Reverse Holofoil","Condition:
Near Mint",Common,154/165,$0.66,sv-scarlet-and-violet-151,2024-10-29
Arbok ex - 024/165 ,Holofoil,"Condition:
Near Mint",Double Rare,024/165,$1.25,sv-scarlet-and-violet-151,2024-10-29
Arbok ex - 185/165 ,Holofoil,"Condition:
Near Mint",Ultra Rare,185/165,$9.62,sv-scarlet-and-violet-151,2024-10-29
Arcanine ,"Printing:
Reverse Holofoil","Condition:
Near Mint",Uncommon,059/165,$0.15,sv-scarlet-and-violet-151,2024-10-29
Articuno ,"Printing:
Reverse Holofoil","Condition:
Near Mint",Rare,144/165,$0.58,sv-scarlet-and-violet-151,2024-10-29
Basic Psychic Energy - 207/165 ,Holofoil,"Condition:
Near Mint",Hyper Rare,207/165,$4.91,sv-scarlet-and-violet-151,2024-10-29
Beedrill ,"Printing:
Reverse Holofoil","Condition:
Near Mint",Rare,015/165,$0.60,sv-scarlet-and-violet-151,2024-10-29
Bellsprout ,"Printing:
Reverse Holofoil","Condition:
Near Mint",Common,069/165,$0.14,sv-scarlet-and-violet-151,2024-10-29
Big Air Balloon ,"Printing:
Reverse Holofoil","Condition:
Near Mint",Uncommon,155/165,$0.64,sv-scarlet-and-violet-151,2024-10-29
Bill's Transfer - 156/165 ,"Printing:
Reverse Holofoil","Condition:
Near Mint",Uncommon,156/165,$0.40,sv-scarlet-and-violet-151,2024-10-29
Bill's Transfer - 194/165 ,Holofoil,"Condition:
Near Mint",Ultra Rare,194/165,$4.19,sv-scarlet-and-violet-151,2024-10-29
Blastoise ex - 009/165 ,Holofoil,"Condition:
Near Mint",Double Rare,009/165,$2.74,sv-scarlet-and-violet-151,2024-10-29
Blastoise ex - 184/165 ,Holofoil,"Condition:
Near Mint",Ultra Rare,184/165,$17.49,sv-scarlet-and-violet-151,2024-10-29
Blastoise ex - 200/165 ,Holofoil,"Condition:
Near Mint",Special Illustration Rare,200/165,$73.74,sv-scarlet-and-violet-151,2024-10-29
Bulbasaur - 001/165 ,"Printing:
Reverse Holofoil","Condition:
Near Mint",Common,001/165,$0.18,sv-scarlet-and-violet-151,2024-10-29
Bulbasaur - 166/165 ,Holofoil,"Condition:
Near Mint",Illustration Rare,166/165,$36.61,sv-scarlet-and-violet-151,2024-10-29
Butterfree ,"Printing:
Reverse Holofoil","Condition:
Near Mint",Uncommon,012/165,$0.16,sv-scarlet-and-violet-151,2024-10-29
Caterpie - 010/165 ,"Printing:
Reverse Holofoil","Condition:
Near Mint",Common,010/165,$0.13,sv-scarlet-and-violet-151,2024-10-29
Caterpie - 172/165 ,Holofoil,"Condition:
Near Mint",Illustration Rare,172/165,$8.94,sv-scarlet-and-violet-151,2024-10-29
Chansey ,"Printing:
Reverse Holofoil","Condition:
Near Mint",Rare,113/165,$0.62,sv-scarlet-and-violet-151,2024-10-29
Charizard ex - 006/165 ,Holofoil,"Condition:
Near Mint",Double Rare,006/165,$5.73,sv-scarlet-and-violet-151,2024-10-29
Charizard ex - 183/165 ,Holofoil,"Condition:
Near Mint",Ultra Rare,183/165,$40.42,sv-scarlet-and-violet-151,2024-10-29
Charizard ex - 199/165 ,Holofoil,"Condition:
Near Mint",Special Illustration Rare,199/165,$186.07,sv-scarlet-and-violet-151,2024-10-29
Charmander - 004/165 ,"Printing:
Reverse Holofoil","Condition:
Near Mint",Common,004/165,$0.25,sv-scarlet-and-violet-151,2024-10-29
Charmander - 168/165 ,Holofoil,"Condition:
Near Mint",Illustration Rare,168/165,$43.88,sv-scarlet-and-violet-151,2024-10-29
Charmeleon - 005/165 ,"Printing:
Reverse Holofoil","Condition:
Near Mint",Uncommon,005/165,$0.16,sv-scarlet-and-violet-151,2024-10-29
Charmeleon - 169/165 ,Holofoil,"Condition:
Near Mint",Illustration Rare,169/165,$31.90,sv-scarlet-and-violet-151,2024-10-29
Clefable ,"Printing:
Reverse Holofoil","Condition:
Near Mint",Uncommon,036/165,$0.13,sv-scarlet-and-violet-151,2024-10-29
Clefairy ,"Printing:
Reverse Holofoil","Condition:
Near Mint",Common,035/165,$0.15,sv-scarlet-and-violet-151,2024-10-29
Cloyster ,"Printing:
Reverse Holofoil","Condition:
Near Mint",Uncommon,091/165,$0.13,sv-scarlet-and-violet-151,2024-10-29
Code Card - 151 Booster Pack ,Normal,"Condition:
Near Mint",Code Card,,$0.06,sv-scarlet-and-violet-151,2024-10-29
Code Card - 151 Elite Trainer Box ,Normal,Near Mint,Code Card,,$0.06,sv-scarlet-and-violet-151,2024-10-29
Code Card - 151 Pokemon Center Elite Trainer Box (Exclusive) ,Normal,Near Mint,Code Card,,$1.87,sv-scarlet-and-violet-151,2024-10-29
Code Card - 151 Ultra-Premium Collection ,Normal,Near Mint,Code Card,,$0.19,sv-scarlet-and-violet-151,2024-10-29
Code Card - 151: Alakazam ex Collection ,Normal,Near Mint,Code Card,,$0.12,sv-scarlet-and-violet-151,2024-10-29
Code Card - 151: Zapdos ex Collection ,Normal,Near Mint,Code Card,,$0.12,sv-scarlet-and-violet-151,2024-10-29
Code Card -151 Poster Collection ,Normal,Near Mint,Code Card,,$0.04,sv-scarlet-and-violet-151,2024-10-29
Cubone ,"Printing:
Reverse Holofoil","Condition:
Near Mint",Common,104/165,$0.12,sv-scarlet-and-violet-151,2024-10-29
Cycling Road ,"Printing:
Reverse Holofoil","Condition:
Near Mint",Uncommon,157/165,$0.48,sv-scarlet-and-violet-151,2024-10-29
Daisy's Help - 158/165 ,"Printing:
Reverse Holofoil","Condition:
Near Mint",Uncommon,158/165,$0.45,sv-scarlet-and-violet-151,2024-10-29
Daisy's Help - 195/165 ,Holofoil,"Condition:
Near Mint",Ultra Rare,195/165,$5.47,sv-scarlet-and-violet-151,2024-10-29
Dewgong ,"Printing:
Reverse Holofoil","Condition:
Near Mint",Uncommon,087/165,$0.15,sv-scarlet-and-violet-151,2024-10-29
Diglett ,"Printing:
Reverse Holofoil","Condition:
Near Mint",Common,050/165,$0.14,sv-scarlet-and-violet-151,2024-10-29
Ditto ,"Printing:
Reverse Holofoil","Condition:
Near Mint",Rare,132/165,$0.56,sv-scarlet-and-violet-151,2024-10-29
Dodrio ,"Printing:
Reverse Holofoil","Condition:
Near Mint",Rare,085/165,$0.59,sv-scarlet-and-violet-151,2024-10-29
Doduo ,"Printing:
Reverse Holofoil","Condition:
Near Mint",Common,084/165,$0.10,sv-scarlet-and-violet-151,2024-10-29
Dragonair - 148/165 ,"Printing:
Reverse Holofoil","Condition:
Near Mint",Uncommon,148/165,$1.85,sv-scarlet-and-violet-151,2024-10-29
Dragonair - 181/165 ,Holofoil,"Condition:
Near Mint",Illustration Rare,181/165,$23.40,sv-scarlet-and-violet-151,2024-10-29
Dragonite ,"Printing:
Reverse Holofoil","Condition:
Near Mint",Rare,149/165,$1.11,sv-scarlet-and-violet-151,2024-10-29
Dratini ,"Printing:
Reverse Holofoil","Condition:
Near Mint",Common,147/165,$0.14,sv-scarlet-and-violet-151,2024-10-29
Drowzee ,"Printing:
Reverse Holofoil","Condition:
Near Mint",Common,096/165,$0.18,sv-scarlet-and-violet-151,2024-10-29
Dugtrio ,"Printing:
Reverse Holofoil","Condition:
Near Mint",Uncommon,051/165,$0.12,sv-scarlet-and-violet-151,2024-10-29
Eevee ,"Printing:
Reverse Holofoil","Condition:
Near Mint",Common,133/165,$0.17,sv-scarlet-and-violet-151,2024-10-29
Ekans ,"Printing:
Reverse Holofoil","Condition:
Near Mint",Common,023/165,$0.13,sv-scarlet-and-violet-151,2024-10-29
Electabuzz ,"Printing:
Reverse Holofoil","Condition:
Near Mint",Common,125/165,$0.49,sv-scarlet-and-violet-151,2024-10-29
Electrode ,"Printing:
Reverse Holofoil","Condition:
Near Mint",Rare,101/165,$2.43,sv-scarlet-and-violet-151,2024-10-29
Energy Sticker ,"Printing:
Reverse Holofoil","Condition:
Near Mint",Uncommon,159/165,$1.33,sv-scarlet-and-violet-151,2024-10-29
Erika's Invitation - 160/165 ,"Printing:
Reverse Holofoil","Condition:
Near Mint",Uncommon,160/165,$0.67,sv-scarlet-and-violet-151,2024-10-29
Erika's Invitation - 196/165 ,Holofoil,"Condition:
Near Mint",Ultra Rare,196/165,$9.18,sv-scarlet-and-violet-151,2024-10-29
Erika's Invitation - 203/165 ,Holofoil,"Condition:
Near Mint",Special Illustration Rare,203/165,$16.78,sv-scarlet-and-violet-151,2024-10-29
Exeggcute ,"Printing:
Reverse Holofoil","Condition:
Near Mint",Common,102/165,$0.12,sv-scarlet-and-violet-151,2024-10-29
Exeggutor ,"Printing:
Reverse Holofoil","Condition:
Near Mint",Uncommon,103/165,$1.03,sv-scarlet-and-violet-151,2024-10-29
Farfetch'd ,"Printing:
Reverse Holofoil","Condition:
Near Mint",Common,083/165,$0.13,sv-scarlet-and-violet-151,2024-10-29
Fearow ,"Printing:
Reverse Holofoil","Condition:
Near Mint",Uncommon,022/165,$0.15,sv-scarlet-and-violet-151,2024-10-29
Flareon ,"Printing:
Reverse Holofoil","Condition:
Near Mint",Rare,136/165,$0.99,sv-scarlet-and-violet-151,2024-10-29
Gastly ,"Printing:
Reverse Holofoil","Condition:
Near Mint",Common,092/165,$0.14,sv-scarlet-and-violet-151,2024-10-29
Gengar ,"Printing:
Reverse Holofoil","Condition:
Near Mint",Rare,094/165,$0.92,sv-scarlet-and-violet-151,2024-10-29
Geodude ,"Printing:
Reverse Holofoil","Condition:
Near Mint",Common,074/165,$0.14,sv-scarlet-and-violet-151,2024-10-29
Giovanni's Charisma - 161/165 ,"Printing:
Reverse Holofoil","Condition:
Near Mint",Uncommon,161/165,$0.99,sv-scarlet-and-violet-151,2024-10-29
Giovanni's Charisma - 197/165 ,Holofoil,"Condition:
Near Mint",Ultra Rare,197/165,$6.18,sv-scarlet-and-violet-151,2024-10-29
Giovanni's Charisma - 204/165 ,Holofoil,"Condition:
Near Mint",Special Illustration Rare,204/165,$11.51,sv-scarlet-and-violet-151,2024-10-29
Gloom ,"Printing:
Reverse Holofoil","Condition:
Near Mint",Uncommon,044/165,$0.13,sv-scarlet-and-violet-151,2024-10-29
Golbat ,"Printing:
Reverse Holofoil","Condition:
Near Mint",Uncommon,042/165,$0.19,sv-scarlet-and-violet-151,2024-10-29
Goldeen ,"Printing:
Reverse Holofoil","Condition:
Near Mint",Common,118/165,$0.14,sv-scarlet-and-violet-151,2024-10-29
Golduck ,"Printing:
Reverse Holofoil","Condition:
Near Mint",Uncommon,055/165,$0.13,sv-scarlet-and-violet-151,2024-10-29
Golem ex - 076/165 ,Holofoil,"Condition:
Near Mint",Double Rare,076/165,$0.77,sv-scarlet-and-violet-151,2024-10-29
Golem ex - 189/165 ,Holofoil,"Condition:
Near Mint",Ultra Rare,189/165,$7.30,sv-scarlet-and-violet-151,2024-10-29
Grabber ,"Printing:
Reverse Holofoil","Condition:
Near Mint",Uncommon,162/165,$0.70,sv-scarlet-and-violet-151,2024-10-29
Graveler ,"Printing:
Reverse Holofoil","Condition:
Near Mint",Uncommon,075/165,$0.13,sv-scarlet-and-violet-151,2024-10-29
Grimer ,"Printing:
Reverse Holofoil","Condition:
Near Mint",Common,088/165,$0.13,sv-scarlet-and-violet-151,2024-10-29
Growlithe ,"Printing:
Reverse Holofoil","Condition:
Near Mint",Common,058/165,$0.13,sv-scarlet-and-violet-151,2024-10-29
Gyarados ,"Printing:
Reverse Holofoil","Condition:
Near Mint",Rare,130/165,$0.63,sv-scarlet-and-violet-151,2024-10-29
Haunter ,"Printing:
Reverse Holofoil","Condition:
Near Mint",Uncommon,093/165,$0.18,sv-scarlet-and-violet-151,2024-10-29
Hitmonchan ,"Printing:
Reverse Holofoil","Condition:
Near Mint",Uncommon,107/165,$1.07,sv-scarlet-and-violet-151,2024-10-29
Hitmonlee ,"Printing:
Reverse Holofoil","Condition:
Near Mint",Uncommon,106/165,$0.66,sv-scarlet-and-violet-151,2024-10-29
Horsea ,"Printing:
Reverse Holofoil","Condition:
Near Mint",Common,116/165,$0.15,sv-scarlet-and-violet-151,2024-10-29
Hypno ,"Printing:
Reverse Holofoil","Condition:
Near Mint",Uncommon,097/165,$0.88,sv-scarlet-and-violet-151,2024-10-29
Ivysaur - 002/165 ,"Printing:
Reverse Holofoil","Condition:
Near Mint",Uncommon,002/165,$0.17,sv-scarlet-and-violet-151,2024-10-29
Ivysaur - 167/165 ,Holofoil,"Condition:
Near Mint",Illustration Rare,167/165,$24.06,sv-scarlet-and-violet-151,2024-10-29
Jigglypuff ,"Printing:
Reverse Holofoil","Condition:
Near Mint",Common,039/165,$0.10,sv-scarlet-and-violet-151,2024-10-29
Jolteon ,"Printing:
Reverse Holofoil","Condition:
Near Mint",Rare,135/165,$0.82,sv-scarlet-and-violet-151,2024-10-29
Jynx ex - 124/165 ,Holofoil,"Condition:
Near Mint",Double Rare,124/165,$1.05,sv-scarlet-and-violet-151,2024-10-29
Jynx ex - 191/165 ,Holofoil,"Condition:
Near Mint",Ultra Rare,191/165,$7.51,sv-scarlet-and-violet-151,2024-10-29
Kabuto ,"Printing:
Reverse Holofoil","Condition:
Near Mint",Uncommon,140/165,$0.65,sv-scarlet-and-violet-151,2024-10-29
Kabutops ,"Printing:
Reverse Holofoil","Condition:
Near Mint",Rare,141/165,$0.62,sv-scarlet-and-violet-151,2024-10-29
Kadabra ,"Printing:
Reverse Holofoil","Condition:
Near Mint",Uncommon,064/165,$0.16,sv-scarlet-and-violet-151,2024-10-29
Kakuna ,"Printing:
Reverse Holofoil","Condition:
Near Mint",Common,014/165,$1.47,sv-scarlet-and-violet-151,2024-10-29
Kangaskhan ex - 115/165 ,Holofoil,"Condition:
Near Mint",Double Rare,115/165,$0.97,sv-scarlet-and-violet-151,2024-10-29
Kangaskhan ex - 190/165 ,Holofoil,"Condition:
Near Mint",Ultra Rare,190/165,$8.60,sv-scarlet-and-violet-151,2024-10-29
Kingler ,"Printing:
Reverse Holofoil","Condition:
Near Mint",Uncommon,099/165,$0.96,sv-scarlet-and-violet-151,2024-10-29
Koffing ,"Printing:
Reverse Holofoil","Condition:
Near Mint",Common,109/165,$0.14,sv-scarlet-and-violet-151,2024-10-29
Krabby ,"Printing:
Reverse Holofoil","Condition:
Near Mint",Common,098/165,$0.12,sv-scarlet-and-violet-151,2024-10-29
Lapras ,"Printing:
Reverse Holofoil","Condition:
Near Mint",Uncommon,131/165,$1.13,sv-scarlet-and-violet-151,2024-10-29
Leftovers ,"Printing:
Reverse Holofoil","Condition:
Near Mint",Uncommon,163/165,$0.49,sv-scarlet-and-violet-151,2024-10-29
Lickitung ,"Printing:
Reverse Holofoil","Condition:
Near Mint",Common,108/165,$0.12,sv-scarlet-and-violet-151,2024-10-29
Machamp ,"Printing:
Reverse Holofoil","Condition:
Near Mint",Rare,068/165,$0.56,sv-scarlet-and-violet-151,2024-10-29
Machoke - 067/165 ,"Printing:
Reverse Holofoil","Condition:
Near Mint",Uncommon,067/165,$0.15,sv-scarlet-and-violet-151,2024-10-29
Machoke - 177/165 ,Holofoil,"Condition:
Near Mint",Illustration Rare,177/165,$9.19,sv-scarlet-and-violet-151,2024-10-29
Machop ,"Printing:
Reverse Holofoil","Condition:
Near Mint",Common,066/165,$0.12,sv-scarlet-and-violet-151,2024-10-29
Magikarp ,"Printing:
Reverse Holofoil","Condition:
Near Mint",Common,129/165,$0.14,sv-scarlet-and-violet-151,2024-10-29
Magmar ,"Printing:
Reverse Holofoil","Condition:
Near Mint",Common,126/165,$1.05,sv-scarlet-and-violet-151,2024-10-29
Magnemite ,"Printing:
Reverse Holofoil","Condition:
Near Mint",Common,081/165,$0.14,sv-scarlet-and-violet-151,2024-10-29
Magneton ,"Printing:
Reverse Holofoil","Condition:
Near Mint",Uncommon,082/165,$0.15,sv-scarlet-and-violet-151,2024-10-29
Mankey ,"Printing:
Reverse Holofoil","Condition:
Near Mint",Common,056/165,$0.13,sv-scarlet-and-violet-151,2024-10-29
Marowak ,"Printing:
Reverse Holofoil","Condition:
Near Mint",Rare,105/165,$0.46,sv-scarlet-and-violet-151,2024-10-29
Meowth ,"Printing:
Reverse Holofoil","Condition:
Near Mint",Common,052/165,$0.16,sv-scarlet-and-violet-151,2024-10-29
Metapod ,"Printing:
Reverse Holofoil","Condition:
Near Mint",Common,011/165,$1.17,sv-scarlet-and-violet-151,2024-10-29
Mew ex - 151/165 ,Holofoil,"Condition:
Near Mint",Double Rare,151/165,$6.66,sv-scarlet-and-violet-151,2024-10-29
Mew ex - 193/165 ,Holofoil,"Condition:
Near Mint",Ultra Rare,193/165,$17.28,sv-scarlet-and-violet-151,2024-10-29
Mew ex - 205/165 ,Holofoil,"Condition:
Near Mint",Hyper Rare,205/165,$8.17,sv-scarlet-and-violet-151,2024-10-29
Mew ex - 205/165 (151 Metal Card) ,Normal,"Condition:
Near Mint",Double Rare,205/165,$5.37,sv-scarlet-and-violet-151,2024-10-29
Mewtwo ,"Printing:
Reverse Holofoil","Condition:
Near Mint",Rare,150/165,$1.67,sv-scarlet-and-violet-151,2024-10-29
Moltres ,"Printing:
Reverse Holofoil","Condition:
Near Mint",Rare,146/165,$0.78,sv-scarlet-and-violet-151,2024-10-29
Mr. Mime - 122/165 ,"Printing:
Reverse Holofoil","Condition:
Near Mint",Rare,122/165,$0.41,sv-scarlet-and-violet-151,2024-10-29
Mr. Mime - 179/165 ,Holofoil,"Condition:
Near Mint",Illustration Rare,179/165,$8.04,sv-scarlet-and-violet-151,2024-10-29
Muk ,"Printing:
Reverse Holofoil","Condition:
Near Mint",Uncommon,089/165,$0.12,sv-scarlet-and-violet-151,2024-10-29
Nidoking - 034/165 ,"Printing:
Reverse Holofoil","Condition:
Near Mint",Rare,034/165,$0.68,sv-scarlet-and-violet-151,2024-10-29
Nidoking - 174/165 ,Holofoil,"Condition:
Near Mint",Illustration Rare,174/165,$9.73,sv-scarlet-and-violet-151,2024-10-29
Nidoqueen ,"Printing:
Reverse Holofoil","Condition:
Near Mint",Uncommon,031/165,$0.13,sv-scarlet-and-violet-151,2024-10-29
Nidoran F ,"Printing:
Reverse Holofoil","Condition:
Near Mint",Common,029/165,$1.37,sv-scarlet-and-violet-151,2024-10-29
Nidoran M ,"Printing:
Reverse Holofoil","Condition:
Near Mint",Common,032/165,$1.59,sv-scarlet-and-violet-151,2024-10-29
Nidorina ,"Printing:
Reverse Holofoil","Condition:
Near Mint",Uncommon,030/165,$0.14,sv-scarlet-and-violet-151,2024-10-29
Nidorino ,"Printing:
Reverse Holofoil","Condition:
Near Mint",Uncommon,033/165,$0.15,sv-scarlet-and-violet-151,2024-10-29
Ninetales ex - 038/165 ,Holofoil,"Condition:
Near Mint",Double Rare,038/165,$0.88,sv-scarlet-and-violet-151,2024-10-29
Ninetales ex - 186/165 ,Holofoil,"Condition:
Near Mint",Ultra Rare,186/165,$15.86,sv-scarlet-and-violet-151,2024-10-29
Oddish ,"Printing:
Reverse Holofoil","Condition:
Near Mint",Common,043/165,$0.12,sv-scarlet-and-violet-151,2024-10-29
Omanyte - 138/165 ,"Printing:
Reverse Holofoil","Condition:
Near Mint",Uncommon,138/165,$1.27,sv-scarlet-and-violet-151,2024-10-29
Omanyte - 180/165 ,Holofoil,"Condition:
Near Mint",Illustration Rare,180/165,$6.54,sv-scarlet-and-violet-151,2024-10-29
Omastar ,"Printing:
Reverse Holofoil","Condition:
Near Mint",Rare,139/165,$0.41,sv-scarlet-and-violet-151,2024-10-29
Onix ,"Printing:
Reverse Holofoil","Condition:
Near Mint",Uncommon,095/165,$1.39,sv-scarlet-and-violet-151,2024-10-29
Paras ,"Printing:
Reverse Holofoil","Condition:
Near Mint",Common,046/165,$0.11,sv-scarlet-and-violet-151,2024-10-29
Parasect ,"Printing:
Reverse Holofoil","Condition:
Near Mint",Uncommon,047/165,$0.12,sv-scarlet-and-violet-151,2024-10-29
Persian ,"Printing:
Reverse Holofoil","Condition:
Near Mint",Uncommon,053/165,$0.11,sv-scarlet-and-violet-151,2024-10-29
Pidgeot ,"Printing:
Reverse Holofoil","Condition:
Near Mint",Uncommon,018/165,$0.15,sv-scarlet-and-violet-151,2024-10-29
Pidgeotto ,"Printing:
Reverse Holofoil","Condition:
Near Mint",Common,017/165,$1.77,sv-scarlet-and-violet-151,2024-10-29
Pidgey ,"Printing:
Reverse Holofoil","Condition:
Near Mint",Common,016/165,$0.29,sv-scarlet-and-violet-151,2024-10-29
Pikachu - 025/165 ,"Printing:
Reverse Holofoil","Condition:
Near Mint",Common,025/165,$0.27,sv-scarlet-and-violet-151,2024-10-29
Pikachu - 173/165 ,Holofoil,"Condition:
Near Mint",Illustration Rare,173/165,$26.95,sv-scarlet-and-violet-151,2024-10-29
Pinsir ,"Printing:
Reverse Holofoil","Condition:
Near Mint",Uncommon,127/165,$1.30,sv-scarlet-and-violet-151,2024-10-29
Poliwag ,"Printing:
Reverse Holofoil","Condition:
Near Mint",Common,060/165,$0.15,sv-scarlet-and-violet-151,2024-10-29
Poliwhirl - 061/165 ,"Printing:
Reverse Holofoil","Condition:
Near Mint",Common,061/165,$1.13,sv-scarlet-and-violet-151,2024-10-29
Poliwhirl - 176/165 ,Holofoil,"Condition:
Near Mint",Illustration Rare,176/165,$14.44,sv-scarlet-and-violet-151,2024-10-29
Poliwrath ,"Printing:
Reverse Holofoil","Condition:
Near Mint",Uncommon,062/165,$0.12,sv-scarlet-and-violet-151,2024-10-29
Ponyta ,"Printing:
Reverse Holofoil","Condition:
Near Mint",Common,077/165,$0.15,sv-scarlet-and-violet-151,2024-10-29
Porygon ,"Printing:
Reverse Holofoil","Condition:
Near Mint",Common,137/165,$0.13,sv-scarlet-and-violet-151,2024-10-29
Primeape ,"Printing:
Reverse Holofoil","Condition:
Near Mint",Uncommon,057/165,$0.13,sv-scarlet-and-violet-151,2024-10-29
Protective Goggles ,"Printing:
Reverse Holofoil","Condition:
Near Mint",Uncommon,164/165,$0.49,sv-scarlet-and-violet-151,2024-10-29
Psyduck - 054/165 ,"Printing:
Reverse Holofoil","Condition:
Near Mint",Common,054/165,$0.13,sv-scarlet-and-violet-151,2024-10-29
Psyduck - 175/165 ,Holofoil,"Condition:
Near Mint",Illustration Rare,175/165,$12.05,sv-scarlet-and-violet-151,2024-10-29
Raichu ,"Printing:
Reverse Holofoil","Condition:
Near Mint",Rare,026/165,$0.69,sv-scarlet-and-violet-151,2024-10-29
Rapidash ,"Printing:
Reverse Holofoil","Condition:
Near Mint",Uncommon,078/165,$0.17,sv-scarlet-and-violet-151,2024-10-29
Raticate ,"Printing:
Reverse Holofoil","Condition:
Near Mint",Uncommon,020/165,$0.11,sv-scarlet-and-violet-151,2024-10-29
Rattata ,"Printing:
Reverse Holofoil","Condition:
Near Mint",Common,019/165,$0.13,sv-scarlet-and-violet-151,2024-10-29
Rhydon ,"Printing:
Reverse Holofoil","Condition:
Near Mint",Uncommon,112/165,$0.11,sv-scarlet-and-violet-151,2024-10-29
Rhyhorn ,"Printing:
Reverse Holofoil","Condition:
Near Mint",Common,111/165,$0.15,sv-scarlet-and-violet-151,2024-10-29
Rigid Band ,"Printing:
Reverse Holofoil","Condition:
Near Mint",Uncommon,165/165,$0.64,sv-scarlet-and-violet-151,2024-10-29
Sandshrew ,"Printing:
Reverse Holofoil","Condition:
Near Mint",Common,027/165,$0.17,sv-scarlet-and-violet-151,2024-10-29
Sandslash ,"Printing:
Reverse Holofoil","Condition:
Near Mint",Uncommon,028/165,$0.12,sv-scarlet-and-violet-151,2024-10-29
Scyther ,"Printing:
Reverse Holofoil","Condition:
Near Mint",Uncommon,123/165,$2.76,sv-scarlet-and-violet-151,2024-10-29
Seadra ,"Printing:
Reverse Holofoil","Condition:
Near Mint",Uncommon,117/165,$0.13,sv-scarlet-and-violet-151,2024-10-29
Seaking ,"Printing:
Reverse Holofoil","Condition:
Near Mint",Uncommon,119/165,$0.99,sv-scarlet-and-violet-151,2024-10-29
Seel ,"Printing:
Reverse Holofoil","Condition:
Near Mint",Common,086/165,$0.12,sv-scarlet-and-violet-151,2024-10-29
Shellder ,"Printing:
Reverse Holofoil","Condition:
Near Mint",Common,090/165,$0.13,sv-scarlet-and-violet-151,2024-10-29
Slowbro ,"Printing:
Reverse Holofoil","Condition:
Near Mint",Uncommon,080/165,$0.14,sv-scarlet-and-violet-151,2024-10-29
Slowpoke ,"Printing:
Reverse Holofoil","Condition:
Near Mint",Common,079/165,$0.16,sv-scarlet-and-violet-151,2024-10-29
Snorlax ,"Printing:
Reverse Holofoil","Condition:
Near Mint",Uncommon,143/165,$2.34,sv-scarlet-and-violet-151,2024-10-29
Spearow ,"Printing:
Reverse Holofoil","Condition:
Near Mint",Common,021/165,$0.46,sv-scarlet-and-violet-151,2024-10-29
Squirtle - 007/165 ,"Printing:
Reverse Holofoil","Condition:
Near Mint",Common,007/165,$0.23,sv-scarlet-and-violet-151,2024-10-29
Squirtle - 007/165 (Cosmos Holo) (Costco Exclusive) ,Holofoil,Near Mint,Common,007/165,$7.95,sv-scarlet-and-violet-151,2024-10-29
Squirtle - 170/165 ,Holofoil,"Condition:
Near Mint",Illustration Rare,170/165,$32.42,sv-scarlet-and-violet-151,2024-10-29
Starmie ,"Printing:
Reverse Holofoil","Condition:
Near Mint",Rare,121/165,$0.43,sv-scarlet-and-violet-151,2024-10-29
Staryu ,"Printing:
Reverse Holofoil","Condition:
Near Mint",Common,120/165,$0.15,sv-scarlet-and-violet-151,2024-10-29
Switch - 206/165 ,Holofoil,"Condition:
Near Mint",Hyper Rare,206/165,$3.58,sv-scarlet-and-violet-151,2024-10-29
Tangela - 114/165 ,"Printing:
Reverse Holofoil","Condition:
Near Mint",Common,114/165,$0.14,sv-scarlet-and-violet-151,2024-10-29
Tangela - 178/165 ,Holofoil,"Condition:
Near Mint",Illustration Rare,178/165,$7.70,sv-scarlet-and-violet-151,2024-10-29
Tauros ,"Printing:
Reverse Holofoil","Condition:
Near Mint",Uncommon,128/165,$1.48,sv-scarlet-and-violet-151,2024-10-29
Tentacool ,"Printing:
Reverse Holofoil","Condition:
Near Mint",Common,072/165,$0.13,sv-scarlet-and-violet-151,2024-10-29
Tentacruel ,"Printing:
Reverse Holofoil","Condition:
Near Mint",Uncommon,073/165,$0.15,sv-scarlet-and-violet-151,2024-10-29
Vaporeon ,"Printing:
Reverse Holofoil","Condition:
Near Mint",Rare,134/165,$0.85,sv-scarlet-and-violet-151,2024-10-29
Venomoth ,"Printing:
Reverse Holofoil","Condition:
Near Mint",Uncommon,049/165,$0.14,sv-scarlet-and-violet-151,2024-10-29
Venonat ,"Printing:
Reverse Holofoil","Condition:
Near Mint",Common,048/165,$0.13,sv-scarlet-and-violet-151,2024-10-29
Venusaur ex - 003/165 ,Holofoil,"Condition:
Near Mint",Double Rare,003/165,$1.35,sv-scarlet-and-violet-151,2024-10-29
Venusaur ex - 182/165 ,Holofoil,"Condition:
Near Mint",Ultra Rare,182/165,$15.39,sv-scarlet-and-violet-151,2024-10-29
Venusaur ex - 198/165 ,Holofoil,"Condition:
Near Mint",Special Illustration Rare,198/165,$72.11,sv-scarlet-and-violet-151,2024-10-29
Victreebel ,"Printing:
Reverse Holofoil","Condition:
Near Mint",Uncommon,071/165,$0.15,sv-scarlet-and-violet-151,2024-10-29
Vileplume ,"Printing:
Reverse Holofoil","Condition:
Near Mint",Rare,045/165,$0.56,sv-scarlet-and-violet-151,2024-10-29
Voltorb ,"Printing:
Reverse Holofoil","Condition:
Near Mint",Common,100/165,$0.15,sv-scarlet-and-violet-151,2024-10-29
Vulpix ,"Printing:
Reverse Holofoil","Condition:
Near Mint",Common,037/165,$0.14,sv-scarlet-and-violet-151,2024-10-29
Wartortle - 008/165 ,"Printing:
Reverse Holofoil","Condition:
Near Mint",Uncommon,008/165,$0.25,sv-scarlet-and-violet-151,2024-10-29
Wartortle - 171/165 ,Holofoil,"Condition:
Near Mint",Illustration Rare,171/165,$24.57,sv-scarlet-and-violet-151,2024-10-29
Weedle ,"Printing:
Reverse Holofoil","Condition:
Near Mint",Common,013/165,$0.12,sv-scarlet-and-violet-151,2024-10-29
Weepinbell ,"Printing:
Reverse Holofoil","Condition:
Near Mint",Common,070/165,$1.47,sv-scarlet-and-violet-151,2024-10-29
Weezing ,"Printing:
Reverse Holofoil","Condition:
Near Mint",Rare,110/165,$0.46,sv-scarlet-and-violet-151,2024-10-29
Wigglytuff ex - 040/165 ,Holofoil,"Condition:
Near Mint",Double Rare,040/165,$0.73,sv-scarlet-and-violet-151,2024-10-29
Wigglytuff ex - 187/165 ,Holofoil,"Condition:
Near Mint",Ultra Rare,187/165,$9.65,sv-scarlet-and-violet-151,2024-10-29
Zapdos ex - 145/165 ,Holofoil,"Condition:
Near Mint",Double Rare,145/165,$0.89,sv-scarlet-and-violet-151,2024-10-29
Zapdos ex - 192/165 ,Holofoil,"Condition:
Near Mint",Ultra Rare,192/165,$11.68,sv-scarlet-and-violet-151,2024-10-29
Zapdos ex - 202/165 ,Holofoil,"Condition:
Near Mint",Special Illustration Rare,202/165,$52.33,sv-scarlet-and-violet-151,2024-10-29
Zubat ,"Printing:
Reverse Holofoil","Condition:
Near Mint",Common,041/165,$0.11,sv-scarlet-and-violet-151,2024-10-29
Aegislash V ,Holofoil,"Condition:
Near Mint",Ultra Rare,126/185,$0.42,swsh04-vivid-voltage,2024-10-29
Aegislash V (Full Art) ,Holofoil,"Condition:
Near Mint",Ultra Rare,177/185,$1.59,swsh04-vivid-voltage,2024-10-29
Aegislash VMAX ,Holofoil,"Condition:
Near Mint",Ultra Rare,127/185,$0.85,swsh04-vivid-voltage,2024-10-29
Aegislash VMAX (Secret) ,Holofoil,"Condition:
Near Mint",Secret Rare,190/185,$6.86,swsh04-vivid-voltage,2024-10-29
Alakazam V (Full Art) ,Holofoil,"Condition:
Near Mint",Ultra Rare,172/185,$1.33,swsh04-vivid-voltage,2024-10-29
Alcremie ,"Printing:
Reverse Holofoil","Condition:
Near Mint",Rare,081/185,$0.25,swsh04-vivid-voltage,2024-10-29
Allister ,"Printing:
Reverse Holofoil","Condition:
Near Mint",Uncommon,146/185,$0.14,swsh04-vivid-voltage,2024-10-29
Allister (Full Art) ,Holofoil,"Condition:
Near Mint",Ultra Rare,179/185,$2.71,swsh04-vivid-voltage,2024-10-29
Allister (Secret) ,Holofoil,"Condition:
Near Mint",Secret Rare,192/185,$4.21,swsh04-vivid-voltage,2024-10-29
Ampharos V ,Holofoil,"Condition:
Near Mint",Ultra Rare,049/185,$0.56,swsh04-vivid-voltage,2024-10-29
Ampharos V (Full Art) ,Holofoil,"Condition:
Near Mint",Ultra Rare,171/185,$2.71,swsh04-vivid-voltage,2024-10-29
Aromatic Grass Energy ,"Printing:
Reverse Holofoil","Condition:
Near Mint",Uncommon,162/185,$0.16,swsh04-vivid-voltage,2024-10-29
Arrokuda ,"Printing:
Reverse Holofoil","Condition:
Near Mint",Common,041/185,$0.12,swsh04-vivid-voltage,2024-10-29
Banette ,"Printing:
Reverse Holofoil","Condition:
Near Mint",Rare,068/185,$0.26,swsh04-vivid-voltage,2024-10-29
Barraskewda ,"Printing:
Reverse Holofoil","Condition:
Near Mint",Rare,042/185,$0.24,swsh04-vivid-voltage,2024-10-29
Bea ,"Printing:
Reverse Holofoil","Condition:
Near Mint",Uncommon,147/185,$0.16,swsh04-vivid-voltage,2024-10-29
Bea (Full Art) ,Holofoil,"Condition:
Near Mint",Ultra Rare,180/185,$5.56,swsh04-vivid-voltage,2024-10-29
Bea (Secret) ,Holofoil,"Condition:
Near Mint",Secret Rare,193/185,$5.28,swsh04-vivid-voltage,2024-10-29
Beauty ,"Printing:
Reverse Holofoil","Condition:
Near Mint",Uncommon,148/185,$0.10,swsh04-vivid-voltage,2024-10-29
Beauty (Full Art) ,Holofoil,"Condition:
Near Mint",Ultra Rare,181/185,$2.44,swsh04-vivid-voltage,2024-10-29
Beauty (Secret) ,Holofoil,"Condition:
Near Mint",Secret Rare,194/185,$4.01,swsh04-vivid-voltage,2024-10-29
Beedrill ,"Printing:
Reverse Holofoil","Condition:
Near Mint",Rare,003/185,$0.16,swsh04-vivid-voltage,2024-10-29
Beldum ,"Printing:
Reverse Holofoil","Condition:
Near Mint",Common,116/185,$0.18,swsh04-vivid-voltage,2024-10-29
Blitzle ,"Printing:
Reverse Holofoil","Condition:
Near Mint",Common,053/185,$0.17,swsh04-vivid-voltage,2024-10-29
Cape of Toughness (Secret) ,Holofoil,"Condition:
Near Mint",Secret Rare,200/185,$2.08,swsh04-vivid-voltage,2024-10-29
Cara Liss ,"Printing:
Reverse Holofoil","Condition:
Near Mint",Uncommon,149/185,$0.12,swsh04-vivid-voltage,2024-10-29
Celebi ,Holofoil,"Condition:
Near Mint",Amazing Rare,009/185,$1.19,swsh04-vivid-voltage,2024-10-29
Charizard ,"Printing:
Reverse Holofoil","Condition:
Near Mint",Rare,025/185,$1.47,swsh04-vivid-voltage,2024-10-29
Charmander ,"Printing:
Reverse Holofoil","Condition:
Near Mint",Common,023/185,$0.22,swsh04-vivid-voltage,2024-10-29
Charmeleon ,"Printing:
Reverse Holofoil","Condition:
Near Mint",Uncommon,024/185,$0.16,swsh04-vivid-voltage,2024-10-29
Chatot ,"Printing:
Reverse Holofoil","Condition:
Near Mint",Common,139/185,$0.14,swsh04-vivid-voltage,2024-10-29
Chewtle ,"Printing:
Reverse Holofoil","Condition:
Near Mint",Common,038/185,$0.11,swsh04-vivid-voltage,2024-10-29
Chimecho ,"Printing:
Reverse Holofoil","Condition:
Near Mint",Common,072/185,$0.20,swsh04-vivid-voltage,2024-10-29
Circhester Bath ,"Printing:
Reverse Holofoil","Condition:
Near Mint",Uncommon,150/185,$0.08,swsh04-vivid-voltage,2024-10-29
Clefable ,"Printing:
Reverse Holofoil","Condition:
Near Mint",Rare,064/185,$0.23,swsh04-vivid-voltage,2024-10-29
Clefairy ,"Printing:
Reverse Holofoil","Condition:
Near Mint",Common,063/185,$0.14,swsh04-vivid-voltage,2024-10-29
Clobbopus ,"Printing:
Reverse Holofoil","Condition:
Near Mint",Common,100/185,$0.10,swsh04-vivid-voltage,2024-10-29
Coalossal V ,Holofoil,"Condition:
Near Mint",Ultra Rare,098/185,$0.40,swsh04-vivid-voltage,2024-10-29
Coalossal V (Full Art) ,Holofoil,"Condition:
Near Mint",Ultra Rare,173/185,$1.40,swsh04-vivid-voltage,2024-10-29
Coalossal VMAX ,Holofoil,"Condition:
Near Mint",Ultra Rare,099/185,$1.20,swsh04-vivid-voltage,2024-10-29
Coalossal VMAX (Secret) ,Holofoil,"Condition:
Near Mint",Secret Rare,189/185,$6.48,swsh04-vivid-voltage,2024-10-29
Coating Metal Energy ,"Printing:
Reverse Holofoil","Condition:
Near Mint",Uncommon,163/185,$0.22,swsh04-vivid-voltage,2024-10-29
Code Card - Alakazam V Box ,Normal,Near Mint,Code Card,,$0.08,swsh04-vivid-voltage,2024-10-29
Code Card - Fall 2020 Collector's Chest Tin ,Normal,Near Mint,Code Card,,$0.16,swsh04-vivid-voltage,2024-10-29
Code Card - Orbeetle V Box ,Normal,Near Mint,Code Card,,$0.05,swsh04-vivid-voltage,2024-10-29
Code Card - Sword & Shield Elite Trainer Box Plus [Zacian] ,Normal,Near Mint,Code Card,,$1.99,swsh04-vivid-voltage,2024-10-29
Code Card - Sword & Shield Elite Trainer Box Plus [Zamazenta] ,Normal,Near Mint,Code Card,,$0.73,swsh04-vivid-voltage,2024-10-29
Code Card - Vivid Voltage Booster Pack ,Normal,"Condition:
Near Mint",Code Card,,$0.02,swsh04-vivid-voltage,2024-10-29
Code Card - Vivid Voltage Build & Battle Box ,Normal,Near Mint,Code Card,,$0.45,swsh04-vivid-voltage,2024-10-29
Code Card - Vivid Voltage Elite Trainer Box ,Normal,Near Mint,Code Card,,$0.04,swsh04-vivid-voltage,2024-10-29
Code Card - Vivid Voltage Theme Deck [Charizard] ,Normal,Near Mint,Code Card,,$2.73,swsh04-vivid-voltage,2024-10-29
Code Card - Vivid Voltage Theme Deck [Drednaw] ,Normal,Near Mint,Code Card,,$2.48,swsh04-vivid-voltage,2024-10-29
Cottonee ,"Printing:
Reverse Holofoil","Condition:
Near Mint",Common,075/185,$0.09,swsh04-vivid-voltage,2024-10-29
Cramorant ,"Printing:
Reverse Holofoil","Condition:
Near Mint",Uncommon,040/185,$0.11,swsh04-vivid-voltage,2024-10-29
Dedenne ,"Printing:
Reverse Holofoil","Condition:
Near Mint",Common,077/185,$0.15,swsh04-vivid-voltage,2024-10-29
Dewott ,"Printing:
Reverse Holofoil","Condition:
Near Mint",Uncommon,034/185,$0.15,swsh04-vivid-voltage,2024-10-29
Dhelmise ,"Printing:
Reverse Holofoil","Condition:
Near Mint",Uncommon,019/185,$0.13,swsh04-vivid-voltage,2024-10-29
Dialga ,"Printing:
Reverse Holofoil","Condition:
Near Mint",Holo Rare,121/185,$0.36,swsh04-vivid-voltage,2024-10-29
Diancie ,"Printing:
Reverse Holofoil","Condition:
Near Mint",Holo Rare,079/185,$0.23,swsh04-vivid-voltage,2024-10-29
Donphan ,"Printing:
Reverse Holofoil","Condition:
Near Mint",Rare,087/185,$0.28,swsh04-vivid-voltage,2024-10-29
Drapion V ,Holofoil,"Condition:
Near Mint",Ultra Rare,106/185,$0.41,swsh04-vivid-voltage,2024-10-29
Drapion V (Full Art) ,Holofoil,"Condition:
Near Mint",Ultra Rare,175/185,$1.21,swsh04-vivid-voltage,2024-10-29
Drednaw ,"Printing:
Reverse Holofoil","Condition:
Near Mint",Rare,039/185,$0.20,swsh04-vivid-voltage,2024-10-29
Drilbur ,"Printing:
Reverse Holofoil","Condition:
Near Mint",Common,091/185,$0.13,swsh04-vivid-voltage,2024-10-29
Drone Rotom ,"Printing:
Reverse Holofoil","Condition:
Near Mint",Uncommon,151/185,$0.13,swsh04-vivid-voltage,2024-10-29
Duraludon ,"Printing:
Reverse Holofoil","Condition:
Near Mint",Holo Rare,129/185,$0.27,swsh04-vivid-voltage,2024-10-29
Dusclops ,"Printing:
Reverse Holofoil","Condition:
Near Mint",Uncommon,070/185,$0.11,swsh04-vivid-voltage,2024-10-29
Dusknoir ,"Printing:
Reverse Holofoil","Condition:
Near Mint",Holo Rare,071/185,$0.19,swsh04-vivid-voltage,2024-10-29
Duskull ,"Printing:
Reverse Holofoil","Condition:
Near Mint",Common,069/185,$0.10,swsh04-vivid-voltage,2024-10-29
Eelektrik ,"Printing:
Reverse Holofoil","Condition:
Near Mint",Uncommon,058/185,$0.13,swsh04-vivid-voltage,2024-10-29
Eelektross ,"Printing:
Reverse Holofoil","Condition:
Near Mint",Rare,059/185,$0.14,swsh04-vivid-voltage,2024-10-29
Eevee ,"Printing:
Reverse Holofoil","Condition:
Near Mint",Common,130/185,$0.28,swsh04-vivid-voltage,2024-10-29
Electrike ,"Printing:
Reverse Holofoil","Condition:
Near Mint",Common,051/185,$0.14,swsh04-vivid-voltage,2024-10-29
Electrode ,"Printing:
Reverse Holofoil","Condition:
Near Mint",Holo Rare,046/185,$0.20,swsh04-vivid-voltage,2024-10-29
Excadrill ,"Printing:
Reverse Holofoil","Condition:
Near Mint",Uncommon,122/185,$0.10,swsh04-vivid-voltage,2024-10-29
Exeggcute ,"Printing:
Reverse Holofoil","Condition:
Near Mint",Common,004/185,$0.09,swsh04-vivid-voltage,2024-10-29
Exeggutor ,"Printing:
Reverse Holofoil","Condition:
Near Mint",Rare,005/185,$0.23,swsh04-vivid-voltage,2024-10-29
Exploud ,"Printing:
Reverse Holofoil","Condition:
Near Mint",Rare,137/185,$0.25,swsh04-vivid-voltage,2024-10-29
Ferroseed ,"Printing:
Reverse Holofoil","Condition:
Near Mint",Common,123/185,$0.09,swsh04-vivid-voltage,2024-10-29
Ferrothorn ,"Printing:
Reverse Holofoil","Condition:
Near Mint",Uncommon,124/185,$0.11,swsh04-vivid-voltage,2024-10-29
Flareon ,"Printing:
Reverse Holofoil","Condition:
Near Mint",Rare,026/185,$0.32,swsh04-vivid-voltage,2024-10-29
Forretress ,"Printing:
Reverse Holofoil","Condition:
Near Mint",Rare,114/185,$0.14,swsh04-vivid-voltage,2024-10-29
Galarian Darmanitan V ,Holofoil,"Condition:
Near Mint",Ultra Rare,036/185,$0.44,swsh04-vivid-voltage,2024-10-29
Galarian Darmanitan V (Full Art) ,Holofoil,"Condition:
Near Mint",Ultra Rare,169/185,$1.12,swsh04-vivid-voltage,2024-10-29
Galarian Darmanitan VMAX ,Holofoil,"Condition:
Near Mint",Ultra Rare,037/185,$0.86,swsh04-vivid-voltage,2024-10-29
Galarian Darmanitan VMAX (Secret) ,Holofoil,"Condition:
Near Mint",Secret Rare,187/185,$6.96,swsh04-vivid-voltage,2024-10-29
Galarian Meowth ,"Printing:
Reverse Holofoil","Condition:
Near Mint",Common,112/185,$0.14,swsh04-vivid-voltage,2024-10-29
Galarian Obstagoon (Secret) ,Holofoil,"Condition:
Near Mint",Secret Rare,198/185,$3.83,swsh04-vivid-voltage,2024-10-29
Galarian Perrserker ,"Printing:
Reverse Holofoil","Condition:
Near Mint",Rare,113/185,$0.29,swsh04-vivid-voltage,2024-10-29
Galarian Sirfetch'd V (Full Art) ,Holofoil,"Condition:
Near Mint",Ultra Rare,174/185,$0.96,swsh04-vivid-voltage,2024-10-29
Galarian Stunfisk ,"Printing:
Reverse Holofoil","Condition:
Near Mint",Uncommon,125/185,$0.10,swsh04-vivid-voltage,2024-10-29
Galvantula ,"Printing:
Reverse Holofoil","Condition:
Near Mint",Uncommon,056/185,$0.12,swsh04-vivid-voltage,2024-10-29
Garbodor ,"Printing:
Reverse Holofoil","Condition:
Near Mint",Rare,111/185,$0.17,swsh04-vivid-voltage,2024-10-29
Genesect ,"Printing:
Reverse Holofoil","Condition:
Near Mint",Holo Rare,016/185,$0.31,swsh04-vivid-voltage,2024-10-29
Girafarig ,"Printing:
Reverse Holofoil","Condition:
Near Mint",Uncommon,065/185,$0.17,swsh04-vivid-voltage,2024-10-29
Gogoat ,"Printing:
Reverse Holofoil","Condition:
Near Mint",Uncommon,018/185,$0.11,swsh04-vivid-voltage,2024-10-29
Grapploct ,"Printing:
Reverse Holofoil","Condition:
Near Mint",Rare,101/185,$0.16,swsh04-vivid-voltage,2024-10-29
Hero's Medal ,"Printing:
Reverse Holofoil","Condition:
Near Mint",Uncommon,152/185,$0.09,swsh04-vivid-voltage,2024-10-29
Hero's Medal (Secret) ,Holofoil,"Condition:
Near Mint",Secret Rare,201/185,$2.07,swsh04-vivid-voltage,2024-10-29
Hitmontop ,"Printing:
Reverse Holofoil","Condition:
Near Mint",Uncommon,088/185,$0.15,swsh04-vivid-voltage,2024-10-29
Jirachi ,Holofoil,"Condition:
Near Mint",Amazing Rare,119/185,$1.47,swsh04-vivid-voltage,2024-10-29
Jolteon ,"Printing:
Reverse Holofoil","Condition:
Near Mint",Rare,047/185,$0.31,swsh04-vivid-voltage,2024-10-29
Joltik ,"Printing:
Reverse Holofoil","Condition:
Near Mint",Common,055/185,$0.13,swsh04-vivid-voltage,2024-10-29
Kakuna ,"Printing:
Reverse Holofoil","Condition:
Near Mint",Uncommon,002/185,$0.13,swsh04-vivid-voltage,2024-10-29
Krokorok ,"Printing:
Reverse Holofoil","Condition:
Near Mint",Uncommon,108/185,$0.12,swsh04-vivid-voltage,2024-10-29
Krookodile ,"Printing:
Reverse Holofoil","Condition:
Near Mint",Rare,109/185,$0.23,swsh04-vivid-voltage,2024-10-29
League Staff ,"Printing:
Reverse Holofoil","Condition:
Near Mint",Uncommon,153/185,$0.12,swsh04-vivid-voltage,2024-10-29
Leon ,"Printing:
Reverse Holofoil","Condition:
Near Mint",Holo Rare,154/185,$0.21,swsh04-vivid-voltage,2024-10-29
Leon (Full Art) ,Holofoil,"Condition:
Near Mint",Ultra Rare,182/185,$4.96,swsh04-vivid-voltage,2024-10-29
Leon (Secret) ,Holofoil,"Condition:
Near Mint",Secret Rare,195/185,$4.84,swsh04-vivid-voltage,2024-10-29
Loudred ,"Printing:
Reverse Holofoil","Condition:
Near Mint",Uncommon,136/185,$0.15,swsh04-vivid-voltage,2024-10-29
Lucario ,"Printing:
Reverse Holofoil","Condition:
Near Mint",Rare,120/185,$0.26,swsh04-vivid-voltage,2024-10-29
Lugia ,"Printing:
Reverse Holofoil","Condition:
Near Mint",Holo Rare,132/185,$0.41,swsh04-vivid-voltage,2024-10-29
Lycanroc ,"Printing:
Reverse Holofoil","Condition:
Near Mint",Rare,095/185,$0.31,swsh04-vivid-voltage,2024-10-29
Magcargo ,"Printing:
Reverse Holofoil","Condition:
Near Mint",Uncommon,028/185,$0.12,swsh04-vivid-voltage,2024-10-29
Magearna ,"Printing:
Reverse Holofoil","Condition:
Near Mint",Holo Rare,128/185,$0.22,swsh04-vivid-voltage,2024-10-29
Manectric ,"Printing:
Reverse Holofoil","Condition:
Near Mint",Rare,052/185,$0.28,swsh04-vivid-voltage,2024-10-29
Memory Capsule ,"Printing:
Reverse Holofoil","Condition:
Near Mint",Uncommon,155/185,$0.15,swsh04-vivid-voltage,2024-10-29
Memory Capsule (Secret) ,Holofoil,"Condition:
Near Mint",Secret Rare,202/185,$2.27,swsh04-vivid-voltage,2024-10-29
Metagross ,"Printing:
Reverse Holofoil","Condition:
Near Mint",Rare,118/185,$0.17,swsh04-vivid-voltage,2024-10-29
Metang ,"Printing:
Reverse Holofoil","Condition:
Near Mint",Uncommon,117/185,$0.11,swsh04-vivid-voltage,2024-10-29
Mightyena ,"Printing:
Reverse Holofoil","Condition:
Near Mint",Uncommon,104/185,$0.11,swsh04-vivid-voltage,2024-10-29
Milcery ,"Printing:
Reverse Holofoil","Condition:
Near Mint",Common,080/185,$0.11,swsh04-vivid-voltage,2024-10-29
Moomoo Cheese ,"Printing:
Reverse Holofoil","Condition:
Near Mint",Uncommon,156/185,$0.15,swsh04-vivid-voltage,2024-10-29
Mudbray ,"Printing:
Reverse Holofoil","Condition:
Near Mint",Common,096/185,$0.11,swsh04-vivid-voltage,2024-10-29
Mudsdale ,"Printing:
Reverse Holofoil","Condition:
Near Mint",Rare,097/185,$0.21,swsh04-vivid-voltage,2024-10-29
Nessa ,"Printing:
Reverse Holofoil","Condition:
Near Mint",Uncommon,157/185,$0.16,swsh04-vivid-voltage,2024-10-29
Nessa (Full Art) ,Holofoil,"Condition:
Near Mint",Ultra Rare,183/185,$6.16,swsh04-vivid-voltage,2024-10-29
Nessa (Secret) ,Holofoil,"Condition:
Near Mint",Secret Rare,196/185,$5.75,swsh04-vivid-voltage,2024-10-29
Nincada ,"Printing:
Reverse Holofoil","Condition:
Near Mint",Common,013/185,$0.11,swsh04-vivid-voltage,2024-10-29
Ninjask ,"Printing:
Reverse Holofoil","Condition:
Near Mint",Rare,014/185,$0.27,swsh04-vivid-voltage,2024-10-29
Nuzleaf ,"Printing:
Reverse Holofoil","Condition:
Near Mint",Uncommon,011/185,$0.16,swsh04-vivid-voltage,2024-10-29
Opal ,"Printing:
Reverse Holofoil","Condition:
Near Mint",Uncommon,158/185,$0.10,swsh04-vivid-voltage,2024-10-29
Opal (Full Art) ,Holofoil,"Condition:
Near Mint",Ultra Rare,184/185,$1.26,swsh04-vivid-voltage,2024-10-29
Opal (Secret) ,Holofoil,"Condition:
Near Mint",Secret Rare,197/185,$3.05,swsh04-vivid-voltage,2024-10-29
Oranguru (Secret) ,Holofoil,"Condition:
Near Mint",Secret Rare,199/185,$3.24,swsh04-vivid-voltage,2024-10-29
Orbeetle V ,Holofoil,"Condition:
Near Mint",Ultra Rare,020/185,$0.42,swsh04-vivid-voltage,2024-10-29
Orbeetle V (Full Art) ,Holofoil,"Condition:
Near Mint",Ultra Rare,166/185,$1.06,swsh04-vivid-voltage,2024-10-29
Orbeetle VMAX ,Holofoil,"Condition:
Near Mint",Ultra Rare,021/185,$0.92,swsh04-vivid-voltage,2024-10-29
Orbeetle VMAX (Secret) ,Holofoil,"Condition:
Near Mint",Secret Rare,186/185,$6.55,swsh04-vivid-voltage,2024-10-29
Oshawott ,"Printing:
Reverse Holofoil","Condition:
Near Mint",Common,033/185,$0.12,swsh04-vivid-voltage,2024-10-29
Phanpy ,"Printing:
Reverse Holofoil","Condition:
Near Mint",Common,086/185,$0.15,swsh04-vivid-voltage,2024-10-29
Pikachu V ,Holofoil,"Condition:
Near Mint",Ultra Rare,043/185,$0.73,swsh04-vivid-voltage,2024-10-29
Pikachu V (Full Art) ,Holofoil,"Condition:
Near Mint",Ultra Rare,170/185,$8.27,swsh04-vivid-voltage,2024-10-29
Pikachu VMAX ,Holofoil,"Condition:
Near Mint",Ultra Rare,044/185,$2.56,swsh04-vivid-voltage,2024-10-29
Pikachu VMAX (Secret) ,Holofoil,"Condition:
Near Mint",Secret Rare,188/185,$107.31,swsh04-vivid-voltage,2024-10-29
Pikipek ,"Printing:
Reverse Holofoil","Condition:
Near Mint",Common,143/185,$0.14,swsh04-vivid-voltage,2024-10-29
Pincurchin ,"Printing:
Reverse Holofoil","Condition:
Near Mint",Uncommon,062/185,$0.12,swsh04-vivid-voltage,2024-10-29
Pineco ,"Printing:
Reverse Holofoil","Condition:
Near Mint",Common,008/185,$0.13,swsh04-vivid-voltage,2024-10-29
Pokemon Center Lady (Full Art) ,Holofoil,"Condition:
Near Mint",Ultra Rare,185/185,$9.94,swsh04-vivid-voltage,2024-10-29
Poochyena ,"Printing:
Reverse Holofoil","Condition:
Near Mint",Common,103/185,$0.13,swsh04-vivid-voltage,2024-10-29
Quagsire ,"Printing:
Reverse Holofoil","Condition:
Near Mint",Rare,084/185,$0.24,swsh04-vivid-voltage,2024-10-29
Raikou ,Holofoil,"Condition:
Near Mint",Amazing Rare,050/185,$1.99,swsh04-vivid-voltage,2024-10-29
Rayquaza ,Holofoil,"Condition:
Near Mint",Amazing Rare,138/185,$3.31,swsh04-vivid-voltage,2024-10-29
Regirock ,"Printing:
Reverse Holofoil","Condition:
Near Mint",Holo Rare,089/185,$0.25,swsh04-vivid-voltage,2024-10-29
Riolu ,"Printing:
Reverse Holofoil","Condition:
Near Mint",Common,090/185,$0.13,swsh04-vivid-voltage,2024-10-29
Rockruff ,"Printing:
Reverse Holofoil","Condition:
Near Mint",Common,094/185,$0.13,swsh04-vivid-voltage,2024-10-29
Rocky Helmet ,"Printing:
Reverse Holofoil","Condition:
Near Mint",Uncommon,159/185,$0.15,swsh04-vivid-voltage,2024-10-29
Sableye ,"Printing:
Reverse Holofoil","Condition:
Near Mint",Uncommon,105/185,$0.16,swsh04-vivid-voltage,2024-10-29
Samurott ,"Printing:
Reverse Holofoil","Condition:
Near Mint",Rare,035/185,$0.31,swsh04-vivid-voltage,2024-10-29
Sandile ,"Printing:
Reverse Holofoil","Condition:
Near Mint",Common,107/185,$0.12,swsh04-vivid-voltage,2024-10-29
Seedot ,"Printing:
Reverse Holofoil","Condition:
Near Mint",Common,010/185,$0.11,swsh04-vivid-voltage,2024-10-29
Shaymin ,"Printing:
Reverse Holofoil","Condition:
Near Mint",Holo Rare,015/185,$0.23,swsh04-vivid-voltage,2024-10-29
Shedinja ,"Printing:
Reverse Holofoil","Condition:
Near Mint",Rare,066/185,$0.27,swsh04-vivid-voltage,2024-10-29
Shiftry ,"Printing:
Reverse Holofoil","Condition:
Near Mint",Rare,012/185,$0.19,swsh04-vivid-voltage,2024-10-29
Shuckle ,"Printing:
Reverse Holofoil","Condition:
Near Mint",Uncommon,085/185,$0.17,swsh04-vivid-voltage,2024-10-29
Shuppet ,"Printing:
Reverse Holofoil","Condition:
Near Mint",Common,067/185,$0.12,swsh04-vivid-voltage,2024-10-29
Skiddo ,"Printing:
Reverse Holofoil","Condition:
Near Mint",Common,017/185,$0.14,swsh04-vivid-voltage,2024-10-29
Slugma ,"Printing:
Reverse Holofoil","Condition:
Near Mint",Common,027/185,$0.13,swsh04-vivid-voltage,2024-10-29
Snorlax ,"Printing:
Reverse Holofoil","Condition:
Near Mint",Holo Rare,131/185,$0.49,swsh04-vivid-voltage,2024-10-29
Steelix V ,Holofoil,"Condition:
Near Mint",Ultra Rare,115/185,$0.50,swsh04-vivid-voltage,2024-10-29
Steelix V (Full Art) ,Holofoil,"Condition:
Near Mint",Ultra Rare,176/185,$2.10,swsh04-vivid-voltage,2024-10-29
Stone Fighting Energy ,"Printing:
Reverse Holofoil","Condition:
Near Mint",Uncommon,164/185,$0.19,swsh04-vivid-voltage,2024-10-29
Swellow ,"Printing:
Reverse Holofoil","Condition:
Near Mint",Uncommon,134/185,$0.10,swsh04-vivid-voltage,2024-10-29
Swoobat ,"Printing:
Reverse Holofoil","Condition:
Near Mint",Uncommon,074/185,$0.13,swsh04-vivid-voltage,2024-10-29
Taillow ,"Printing:
Reverse Holofoil","Condition:
Near Mint",Common,133/185,$0.13,swsh04-vivid-voltage,2024-10-29
Talonflame V ,Holofoil,"Condition:
Near Mint",Ultra Rare,029/185,$0.39,swsh04-vivid-voltage,2024-10-29
Talonflame V (Full Art) ,Holofoil,"Condition:
Near Mint",Ultra Rare,168/185,$1.90,swsh04-vivid-voltage,2024-10-29
Telescopic Sight ,"Printing:
Reverse Holofoil","Condition:
Near Mint",Uncommon,160/185,$0.12,swsh04-vivid-voltage,2024-10-29
Telescopic Sight (Secret) ,Holofoil,"Condition:
Near Mint",Secret Rare,203/185,$1.82,swsh04-vivid-voltage,2024-10-29
Terrakion ,"Printing:
Reverse Holofoil","Condition:
Near Mint",Rare,092/185,$0.14,swsh04-vivid-voltage,2024-10-29
Togekiss V ,Holofoil,"Condition:
Near Mint",Ultra Rare,140/185,$0.42,swsh04-vivid-voltage,2024-10-29
Togekiss V (Full Art) ,Holofoil,"Condition:
Near Mint",Ultra Rare,178/185,$1.67,swsh04-vivid-voltage,2024-10-29
Togekiss VMAX ,Holofoil,"Condition:
Near Mint",Ultra Rare,141/185,$0.99,swsh04-vivid-voltage,2024-10-29
Togekiss VMAX (Secret) ,Holofoil,"Condition:
Near Mint",Secret Rare,191/185,$7.13,swsh04-vivid-voltage,2024-10-29
Tornadus ,"Printing:
Reverse Holofoil","Condition:
Near Mint",Holo Rare,142/185,$0.25,swsh04-vivid-voltage,2024-10-29
Toucannon ,"Printing:
Reverse Holofoil","Condition:
Near Mint",Rare,145/185,$0.25,swsh04-vivid-voltage,2024-10-29
Trubbish ,"Printing:
Reverse Holofoil","Condition:
Near Mint",Common,110/185,$0.12,swsh04-vivid-voltage,2024-10-29
Trumbeak ,"Printing:
Reverse Holofoil","Condition:
Near Mint",Uncommon,144/185,$0.16,swsh04-vivid-voltage,2024-10-29
Tynamo ,"Printing:
Reverse Holofoil","Condition:
Near Mint",Common,057/185,$0.11,swsh04-vivid-voltage,2024-10-29
Vaporeon ,"Printing:
Reverse Holofoil","Condition:
Near Mint",Rare,030/185,$0.28,swsh04-vivid-voltage,2024-10-29
Voltorb ,"Printing:
Reverse Holofoil","Condition:
Near Mint",Common,045/185,$0.10,swsh04-vivid-voltage,2024-10-29
Wailmer ,"Printing:
Reverse Holofoil","Condition:
Near Mint",Common,031/185,$0.16,swsh04-vivid-voltage,2024-10-29
Wailord ,"Printing:
Reverse Holofoil","Condition:
Near Mint",Holo Rare,032/185,$0.29,swsh04-vivid-voltage,2024-10-29
Wash Water Energy ,"Printing:
Reverse Holofoil","Condition:
Near Mint",Uncommon,165/185,$0.21,swsh04-vivid-voltage,2024-10-29
Weedle ,"Printing:
Reverse Holofoil","Condition:
Near Mint",Common,001/185,$0.11,swsh04-vivid-voltage,2024-10-29
Whimsicott ,"Printing:
Reverse Holofoil","Condition:
Near Mint",Rare,076/185,$0.27,swsh04-vivid-voltage,2024-10-29
Whismur ,"Printing:
Reverse Holofoil","Condition:
Near Mint",Common,135/185,$0.14,swsh04-vivid-voltage,2024-10-29
Woobat ,"Printing:
Reverse Holofoil","Condition:
Near Mint",Common,073/185,$0.10,swsh04-vivid-voltage,2024-10-29
Wooper ,"Printing:
Reverse Holofoil","Condition:
Near Mint",Common,083/185,$0.16,swsh04-vivid-voltage,2024-10-29
Wyndon Stadium ,"Printing:
Reverse Holofoil","Condition:
Near Mint",Uncommon,161/185,$0.11,swsh04-vivid-voltage,2024-10-29
Xerneas ,"Printing:
Reverse Holofoil","Condition:
Near Mint",Holo Rare,078/185,$0.28,swsh04-vivid-voltage,2024-10-29
Yanma ,"Printing:
Reverse Holofoil","Condition:
Near Mint",Common,006/185,$0.09,swsh04-vivid-voltage,2024-10-29
Yanmega ,"Printing:
Reverse Holofoil","Condition:
Near Mint",Rare,007/185,$0.20,swsh04-vivid-voltage,2024-10-29
Zacian ,Holofoil,"Condition:
Near Mint",Amazing Rare,082/185,$1.03,swsh04-vivid-voltage,2024-10-29
Zamazenta ,Holofoil,"Condition:
Near Mint",Amazing Rare,102/185,$0.91,swsh04-vivid-voltage,2024-10-29
Zapdos ,"Printing:
Reverse Holofoil","Condition:
Near Mint",Holo Rare,048/185,$0.32,swsh04-vivid-voltage,2024-10-29
Zarude V ,Holofoil,"Condition:
Near Mint",Ultra Rare,022/185,$0.43,swsh04-vivid-voltage,2024-10-29
Zarude V (Full Art) ,Holofoil,"Condition:
Near Mint",Ultra Rare,167/185,$1.63,swsh04-vivid-voltage,2024-10-29
Zebstrika ,"Printing:
Reverse Holofoil","Condition:
Near Mint",Uncommon,054/185,$0.13,swsh04-vivid-voltage,2024-10-29
Zekrom ,"Printing:
Reverse Holofoil","Condition:
Near Mint",Holo Rare,060/185,$0.30,swsh04-vivid-voltage,2024-10-29
Zeraora ,"Printing:
Reverse Holofoil","Condition:
Near Mint",Holo Rare,061/185,$0.28,swsh04-vivid-voltage,2024-10-29
Zygarde ,"Printing:
Reverse Holofoil","Condition:
Near Mint",Holo Rare,093/185,$0.27,swsh04-vivid-voltage,2024-10-29
